<?xml version="1.0" encoding="UTF-8"?>
<!DOCTYPE hibernate-configuration PUBLIC 
"-//Hibernate/Hibernate Configuration DTD 3.0//EN" 
"http://www.hibernate.org/dtd/hibernate-configuration-3.0.dtd">


<hibernate-configuration>
<session-factory>
<!-- connection properties -->


 <property name="hibernate.bytecode.use_reflection_optimizer">false</property>
        <property name="hibernate.connection.driver_class">com.mysql.jdbc.Driver</property>
        <property name="hibernate.connection.password">richika98</property>
        <property name="hibernate.connection.url">jdbc:mysql://localhost:3306/richika</property>
        <property name="hibernate.connection.username">richika</property>
        <property name="hibernate.dialect">org.hibernate.dialect.MySQLDialect</property>
        <property name="show_sql">true</property>

 

<!-- 
<property name="connection.url"></property>
<property name="connection.username"></property>
<property name="connection.password"></property>
<property name="connection.driver_class"></property>
 -->

<!-- hibernate properties -->
<property name="hbm2ddl.auto">update</property>
<property name="dialet">org.hibernate.dialet.OracleDialet</property>
<property name="show_url">true</property>






<!-- mapping resource -->
<mapping resource="hibernate.hbm.xml"/>

</session-factory>

</hibernate-configuration>